{"cameraMode":{"drawMode":0,"name":"Shaded","section":"Shading Mode"},"sceneLighting":true,"audioPlay":false,"sceneViewState":{"showFog":false,"showMaterialUpdate":false,"showSkybox":false,"showFlares":false,"showImageEffects":false,"showParticleSystems":false},"in2DMode":false,"pivot":{"x":23.62834358215332,"y":-1.0246851444244385,"z":98.7320556640625},"rotation":{"x":0.10367684811353684,"y":0.14566448330879212,"z":-0.015351233072578907,"w":0.9837672710418701},"size":19.242141723632814,"orthographic":false}