{"cameraMode":{"drawMode":0,"name":"Shaded","section":"Shading Mode"},"sceneLighting":true,"audioPlay":false,"sceneViewState":{"showFog":false,"showMaterialUpdate":false,"showSkybox":false,"showFlares":false,"showImageEffects":false,"showParticleSystems":false},"in2DMode":false,"pivot":{"x":-12.39030647277832,"y":-63.63665771484375,"z":11.768524169921875},"rotation":{"x":0.27097752690315249,"y":-0.024542639032006265,"z":0.006911424919962883,"w":0.9622477889060974},"size":367.413818359375,"orthographic":false}