{"cameraMode":{"drawMode":0,"name":"Shaded","section":"Shading Mode"},"sceneLighting":true,"audioPlay":false,"sceneViewState":{"showFog":false,"showMaterialUpdate":false,"showSkybox":false,"showFlares":false,"showImageEffects":false,"showParticleSystems":false},"in2DMode":false,"pivot":{"x":1.4684195518493653,"y":20.70804214477539,"z":-1.0624046325683594},"rotation":{"x":0.5003899335861206,"y":-0.11106527596712113,"z":0.06491075456142426,"w":0.856190025806427},"size":23.55402374267578,"orthographic":true}