{"cameraMode":{"drawMode":0,"name":"Shaded","section":"Shading Mode"},"sceneLighting":true,"audioPlay":false,"sceneViewState":{"showFog":false,"showMaterialUpdate":false,"showSkybox":false,"showFlares":false,"showImageEffects":false,"showParticleSystems":false},"in2DMode":false,"pivot":{"x":34.45845031738281,"y":-2.104407548904419,"z":94.6997299194336},"rotation":{"x":0.6313584446907044,"y":-0.06721258908510208,"z":0.05506719648838043,"w":0.7706082463264465},"size":379.6609802246094,"orthographic":true}