{"cameraMode":{"drawMode":0,"name":"Shaded","section":"Shading Mode"},"sceneLighting":true,"audioPlay":false,"sceneViewState":{"showFog":false,"showMaterialUpdate":false,"showSkybox":false,"showFlares":false,"showImageEffects":false,"showParticleSystems":false},"in2DMode":false,"pivot":{"x":-40056.72265625,"y":5290.31201171875,"z":-14929.427734375},"rotation":{"x":-0.16715338826179505,"y":0.026023482903838159,"z":0.004412378184497356,"w":0.9855798482894898},"size":1.8058066368103028,"orthographic":true}